{
    "adaptivity": {
        "log_Scenario4-OptimisingLearner_phases.json": {
            "accumulated_adaptivity": 0.4806900598740008,
            "accumulated_self_configuration": 0.2742625,
            "adaptivity_efficiency": 0.37723001334026607,
            "valid_phases": 7,
            "t_max": 2000,
            "u_acc": 0.8,
            "u_delta": 0.4,
            "u_min": 0.4,
            "adaptivity_score_mean": 0.6222946394330784,
            "adaptivity_score_std": 0.27974478200791747,
            "adaptivity_duration_mean": 1840.0,
            "adaptivity_duration_std": 2051.6752736657495,
            "adaptivity_efficiency_mean": 0.4830986674307942,
            "adaptivity_efficiency_std": 0.2274598403979943,
            "phase_adaptivity": [
                0.30257532437824886,
                0.85124000700555,
                0.9015045691209866,
                0.5086059295499555,
                0.15027937423615303,
                0.8378243812100814,
                0.8040328905305739
            ],
            "phase_self_configuration": [
                0.5605,
                0.3605,
                0.3205,
                0.3205,
                0.19503125,
                0.24,
                0.1605
            ],
            "phase_durations": [
                1600,
                1120,
                960,
                1200,
                6800,
                480,
                720
            ]
        },
        "log_Scenario4-AdaptiveLearner_phases.json": {
            "accumulated_adaptivity": 0.44454907301616553,
            "accumulated_self_configuration": 0.2203125,
            "adaptivity_efficiency": 0.3642911737904558,
            "valid_phases": 7,
            "t_max": 2000,
            "u_acc": 0.8,
            "u_delta": 0.4,
            "u_min": 0.4,
            "adaptivity_score_mean": 0.5738384404252477,
            "adaptivity_score_std": 0.26246136758944943,
            "adaptivity_duration_mean": 1748.5714285714287,
            "adaptivity_duration_std": 2043.3825498173267,
            "adaptivity_efficiency_mean": 0.49919208415418925,
            "adaptivity_efficiency_std": 0.2821834242008614,
            "phase_adaptivity": [
                0.26645638547476175,
                0.8637791969205105,
                0.8816140357967766,
                0.5382357199999787,
                0.14287388239497364,
                0.7185215440443505,
                0.6053883183453823
            ],
            "phase_self_configuration": [
                0.5605,
                0.0004999999999999999,
                0.0004999999999999999,
                0.3205,
                0.19003125,
                0.1605,
                0.4005
            ],
            "phase_durations": [
                1680,
                400,
                400,
                1200,
                6640,
                720,
                1200
            ]
        },
        "Scenario4_OptimisingLearner_noFiltering_phases.json": {
            "accumulated_adaptivity": 0.5672417165616673,
            "accumulated_self_configuration": 0.21521875,
            "adaptivity_efficiency": 0.46678157044702223,
            "valid_phases": 9,
            "t_max": 2000,
            "u_acc": 0.8,
            "u_delta": 0.4,
            "u_min": 0.4,
            "adaptivity_score_mean": 0.7062291640035054,
            "adaptivity_score_std": 0.2906837502874848,
            "adaptivity_duration_mean": 1395.5555555555557,
            "adaptivity_duration_std": 1951.2680270993646,
            "adaptivity_efficiency_mean": 0.6027248215278814,
            "adaptivity_efficiency_std": 0.27833616034919834,
            "phase_adaptivity": [
                0.30257532437824886,
                0.8684836634480879,
                0.9827563435574619,
                0.9423242468840054,
                0.9591803222369814,
                0.5086059295499555,
                0.15027937423615303,
                0.8378243812100814,
                0.8040328905305739
            ],
            "phase_self_configuration": [
                0.5605,
                0.0004999999999999999,
                0.28,
                0.0004999999999999999,
                0.24,
                0.3205,
                0.19503125,
                0.24,
                0.1605
            ],
            "phase_durations": [
                1600,
                400,
                560,
                320,
                480,
                1200,
                6800,
                480,
                720
            ]
        },
        "log_Scenario4-NonAdaptive_phases.json": {
            "accumulated_adaptivity": 0.00299199928926203,
            "accumulated_self_configuration": 0.0,
            "adaptivity_efficiency": 0.00299199928926203,
            "valid_phases": 1,
            "t_max": 2000,
            "u_acc": 0.8,
            "u_delta": 0.4,
            "u_min": 0.4,
            "adaptivity_score_mean": 0.00299199928926203,
            "adaptivity_score_std": 0.0,
            "adaptivity_duration_mean": 73400.0,
            "adaptivity_duration_std": 0.0,
            "adaptivity_efficiency_mean": 0.00299199928926203,
            "adaptivity_efficiency_std": 0.0,
            "phase_adaptivity": [
                0.00299199928926203
            ],
            "phase_self_configuration": [
                0.0
            ],
            "phase_durations": [
                73400
            ]
        },
        "log_Scenario4-Failing_phases.json": {
            "accumulated_adaptivity": 0.10005747059819456,
            "accumulated_self_configuration": 0.05643181818181819,
            "adaptivity_efficiency": 0.09471266282986383,
            "valid_phases": 4,
            "t_max": 2000,
            "u_acc": 0.8,
            "u_delta": 0.4,
            "u_min": 0.4,
            "adaptivity_score_mean": 0.5157502968716634,
            "adaptivity_score_std": 0.3758115857289026,
            "adaptivity_duration_mean": 10090.0,
            "adaptivity_duration_std": 15353.550078076405,
            "adaptivity_efficiency_mean": 0.37748970760603523,
            "adaptivity_efficiency_std": 0.28513900945890275,
            "phase_adaptivity": [
                0.30257532437824886,
                0.85124000700555,
                0.9015045691209866,
                0.007681286981868146
            ],
            "phase_self_configuration": [
                0.5605,
                0.3605,
                0.3205,
                0.0
            ],
            "phase_durations": [
                1600,
                1120,
                960,
                36680
            ]
        },
        "Scenario4-TheoreticalRobust": {
            "accumulated_adaptivity": 1.0,
            "accumulated_self_configuration": 0.0,
            "adaptivity_efficiency": 1.0,
            "valid_phases": 0,
            "t_max": 2000,
            "u_acc": 0.8,
            "u_delta": 0.4,
            "u_min": 0.4,
            "adaptivity_score_mean": 1.0,
            "adaptivity_score_std": 0.0,
            "adaptivity_duration_mean": 0.0,
            "adaptivity_duration_std": 0.0,
            "adaptivity_efficiency_mean": 1.0,
            "adaptivity_efficiency_std": 0.0,
            "phase_adaptivity": [],
            "phase_self_configuration": [],
            "phase_durations": []
        }
    },
    "self_optimization": {
        "log_Scenario4-OptimisingLearner_phases.json": {
            "accumulated_self_optimization": 0.9488753480038293,
            "accumulated_self_configuration": 0.1287990985189955,
            "self_optimization_efficiency": 0.8406060469473892,
            "valid_phases": 18,
            "u_acc": 0.8,
            "u_target": 0.9,
            "self_optimization_score_mean": 0.8523358394794943,
            "self_optimization_score_std": 0.22318596493160814,
            "self_optimization_duration_mean": 3451.1111111111113,