{
    "adaptivity": {
        "log_Scenario4-OptimisingLearner_phases.json": {
            "accumulated_adaptivity": 0.7840061836906012,
            "accumulated_self_configuration": 0.1761375,
            "adaptivity_efficiency": 0.6665939855591724,
            "valid_phases": 7,
            "t_max": 5000,
            "u_acc": 0.8,
            "u_delta": 0.6000000000000001,
            "u_min": 0.2,
            "adaptivity_score_mean": 0.8397740195723209,
            "adaptivity_score_std": 0.191405964560047,
            "adaptivity_duration_mean": 1840.0,
            "adaptivity_duration_std": 2051.6752736657495,
            "adaptivity_efficiency_mean": 0.7384676672277869,
            "adaptivity_efficiency_std": 0.19437400654596387,
            "phase_adaptivity": [
                0.7988250687481298,
                0.9603306685348133,
                0.9737345517655964,
                0.8582949145466549,
                0.3936313325185632,
                0.9458594967510024,
                0.9477421041414864
            ],
            "phase_self_configuration": [
                0.2242,
                0.1442,
                0.1282,
                0.1282,
                0.31205,
                0.096,
                0.0642
            ],
            "phase_durations": [
                1600,
                1120,
                960,
                1200,
                6800,
                480,
                720
            ]
        },
        "log_Scenario4-AdaptiveLearner_phases.json": {
            "accumulated_adaptivity": 0.7704148574570436,
            "accumulated_self_configuration": 0.14816249999999997,
            "adaptivity_efficiency": 0.670998101276643,
            "valid_phases": 7,
            "t_max": 5000,
            "u_acc": 0.8,
            "u_delta": 0.6000000000000001,
            "u_min": 0.2,
            "adaptivity_score_mean": 0.8253870092095994,
            "adaptivity_score_std": 0.18851037931575307,
            "adaptivity_duration_mean": 1748.5714285714287,
            "adaptivity_duration_std": 2043.3825498173267,
            "adaptivity_efficiency_mean": 0.7523792879084154,
            "adaptivity_efficiency_std": 0.21522380472273178,
            "phase_adaptivity": [
                0.7893130462702088,
                0.9636744525121362,
                0.9684304095458071,
                0.8594257415779208,
                0.38560979518915345,
                0.9202424293581617,
                0.8910131900138082
            ],
            "phase_self_configuration": [
                0.2242,
                0.00019999999999999998,
                0.00019999999999999998,
                0.1282,
                0.30405,
                0.0642,
                0.1602
            ],
            "phase_durations": [
                1680,
                400,
                400,
                1200,
                6640,
                720,
                1200
            ]
        },
        "Scenario4_OptimisingLearner_noFiltering_phases.json": {
            "accumulated_adaptivity": 0.8272049469524809,
            "accumulated_self_configuration": 0.13451,
            "adaptivity_efficiency": 0.7291297097006469,
            "valid_phases": 9,
            "t_max": 5000,
            "u_acc": 0.8,
            "u_delta": 0.6000000000000001,
            "u_min": 0.2,
            "adaptivity_score_mean": 0.875379793000694,
            "adaptivity_score_std": 0.18127055385005827,
            "adaptivity_duration_mean": 1395.5555555555557,
            "adaptivity_duration_std": 1951.2680270993646,
            "adaptivity_efficiency_mean": 0.801518334447883,
            "adaptivity_efficiency_std": 0.20169583568331909,
            "phase_adaptivity": [
                0.7988250687481298,
                0.9649289769194902,
                0.9954016916153232,
                0.9846197991690682,
                0.9891147525965285,
                0.8582949145466549,
                0.3936313325185632,
                0.9458594967510024,
                0.9477421041414864
            ],
            "phase_self_configuration": [
                0.2242,
                0.00019999999999999998,
                0.112,
                0.00019999999999999998,
                0.096,
                0.1282,
                0.31205,
                0.096,
                0.0642
            ],
            "phase_durations": [
                1600,
                400,
                560,
                320,
                480,
                1200,
                6800,
                480,
                720
            ]
        },
        "log_Scenario4-NonAdaptive_phases.json": {
            "accumulated_adaptivity": 0.0276693890690367,
            "accumulated_self_configuration": 0.0,
            "adaptivity_efficiency": 0.0276693890690367,
            "valid_phases": 1,
            "t_max": 5000,
            "u_acc": 0.8,
            "u_delta": 0.6000000000000001,
            "u_min": 0.2,
            "adaptivity_score_mean": 0.0276693890690367,
            "adaptivity_score_std": 0.0,
            "adaptivity_duration_mean": 73400.0,
            "adaptivity_duration_std": 0.0,
            "adaptivity_efficiency_mean": 0.0276693890690367,
            "adaptivity_efficiency_std": 0.0,
            "phase_adaptivity": [
                0.0276693890690367
            ],
            "phase_self_configuration": [
                0.0
            ],
            "phase_durations": [
                73400
            ]
        },
        "log_Scenario4-Failing_phases.json": {
            "accumulated_adaptivity": 0.2901807674906381,
            "accumulated_self_configuration": 0.04514545454545455,
            "adaptivity_efficiency": 0.27764629911426153,
            "valid_phases": 4,
            "t_max": 5000,
            "u_acc": 0.8,
            "u_delta": 0.6000000000000001,
            "u_min": 0.2,
            "adaptivity_score_mean": 0.6975693895542748,
            "adaptivity_score_std": 0.3759642756902751,
            "adaptivity_duration_mean": 10090.0,
            "adaptivity_duration_std": 15353.550078076405,
            "adaptivity_efficiency_mean": 0.6030763705089734,
            "adaptivity_efficiency_std": 0.3254345595270205,
            "phase_adaptivity": [
                0.7988250687481298,
                0.9603306685348133,
                0.9737345517655964,
                0.05738726916855999
            ],
            "phase_self_configuration": [
                0.2242,
                0.1442,
                0.1282,
                0.0
            ],
            "phase_durations": [
                1600,
                1120,
                960,
                36680
            ]
        },
        "Scenario4-TheoreticalRobust": {
            "accumulated_adaptivity": 1.0,
            "accumulated_self_configuration": 0.0,
            "adaptivity_efficiency": 1.0,
            "valid_phases": 0,
            "t_max": 5000,
            "u_acc": 0.8,
            "u_delta": 0.6000000000000001,
            "u_min": 0.2,
            "adaptivity_score_mean": 1.0,
            "adaptivity_score_std": 0.0,
            "adaptivity_duration_mean": 0.0,
            "adaptivity_duration_std": 0.0,
            "adaptivity_efficiency_mean": 1.0,
            "adaptivity_efficiency_std": 0.0,
            "phase_adaptivity": [],
            "phase_self_configuration": [],
            "phase_durations": []
        }
    },
    "self_optimization": {
        "log_Scenario4-OptimisingLearner_phases.json": {
            "accumulated_self_optimization": 0.9488753480038293,
            "accumulated_self_configuration": 0.1287990985189955,
            "self_optimization_efficiency": 0.8406060469473892,
            "valid_phases": 18,
            "u_acc": 0.8,
            "u_target": 0.9,
            "self_optimization_score_mean": 0.8523358394794943,
            "self_optimization_score_std": 0.22318596493160814,