{
    "adaptivity": {
        "log_Scenario4-OptimisingLearner_phases.json": {
            "accumulated_adaptivity": 0.9492997598098774,
            "accumulated_self_configuration": 0.14522857142857143,
            "adaptivity_efficiency": 0.8289172864642294,
            "valid_phases": 7,
            "t_max": 10000,
            "u_acc": 0.8,
            "u_delta": 0.8,
            "u_min": 0.0,
            "adaptivity_score_mean": 0.9492997598098774,
            "adaptivity_score_std": 0.049823143361219,
            "adaptivity_duration_mean": 1840.0,
            "adaptivity_duration_std": 2051.6752736657495,
            "adaptivity_efficiency_mean": 0.8529748611797843,
            "adaptivity_efficiency_std": 0.1418332138768365,
            "phase_adaptivity": [
                0.9232407526707943,
                0.9851240007005551,
                0.9901504569120987,
                0.9461222973858633,
                0.8404469987778449,
                0.9796105231689286,
                0.9804032890530574
            ],
            "phase_self_configuration": [
                0.1121,
                0.0721,
                0.0641,
                0.0641,
                0.6241,
                0.048,
                0.0321
            ],
            "phase_durations": [
                1600,
                1120,
                960,
                1200,
                6800,
                480,
                720
            ]
        },
        "log_Scenario4-AdaptiveLearner_phases.json": {
            "accumulated_adaptivity": 0.9424946978481532,
            "accumulated_self_configuration": 0.12810000000000002,
            "adaptivity_efficiency": 0.8354708783336168,
            "valid_phases": 7,
            "t_max": 10000,
            "u_acc": 0.8,
            "u_delta": 0.8,
            "u_min": 0.0,
            "adaptivity_score_mean": 0.9424946978481532,
            "adaptivity_score_std": 0.05154217198199882,
            "adaptivity_duration_mean": 1748.5714285714287,
            "adaptivity_duration_std": 2043.3825498173267,
            "adaptivity_efficiency_mean": 0.861862462680112,
            "adaptivity_efficiency_std": 0.15134168646269217,
            "phase_adaptivity": [
                0.9196366812687643,
                0.986377919692051,
                0.9881614035796776,
                0.9456513303483604,
                0.8284146927837303,
                0.9700909110093107,
                0.9591299462551781
            ],
            "phase_self_configuration": [
                0.1121,
                9.999999999999999e-05,
                9.999999999999999e-05,
                0.0641,
                0.6081,
                0.0321,
                0.0801
            ],
            "phase_durations": [
                1680,
                400,
                400,
                1200,
                6640,
                720,
                1200
            ]
        },
        "Scenario4_OptimisingLearner_noFiltering_phases.json": {
            "accumulated_adaptivity": 0.9605664798521271,
            "accumulated_self_configuration": 0.1094,
            "adaptivity_efficiency": 0.8658432304417948,
            "valid_phases": 9,
            "t_max": 10000,
            "u_acc": 0.8,
            "u_delta": 0.8,
            "u_min": 0.0,
            "adaptivity_score_mean": 0.9605664798521271,
            "adaptivity_score_std": 0.04862847202480608,
            "adaptivity_duration_mean": 1395.5555555555557,
            "adaptivity_duration_std": 1951.2680270993646,
            "adaptivity_efficiency_mean": 0.8886631833938907,
            "adaptivity_efficiency_std": 0.13937363629150415,
            "phase_adaptivity": [
                0.9232407526707943,
                0.9868483663448088,
                0.9982756343557462,
                0.9942324246884006,
                0.9959180322236981,
                0.9461222973858633,
                0.8404469987778449,
                0.9796105231689286,
                0.9804032890530574
            ],
            "phase_self_configuration": [
                0.1121,
                9.999999999999999e-05,
                0.056,
                9.999999999999999e-05,
                0.048,
                0.0641,
                0.6241,
                0.048,
                0.0321
            ],
            "phase_durations": [
                1600,
                400,
                560,
                320,
                480,
                1200,
                6800,
                480,
                720
            ]
        },
        "log_Scenario4-NonAdaptive_phases.json": {
            "accumulated_adaptivity": 0.07358757347968707,
            "accumulated_self_configuration": 0.0,
            "adaptivity_efficiency": 0.07358757347968707,
            "valid_phases": 1,
            "t_max": 10000,
            "u_acc": 0.8,
            "u_delta": 0.8,
            "u_min": 0.0,
            "adaptivity_score_mean": 0.07358757347968707,
            "adaptivity_score_std": 0.0,
            "adaptivity_duration_mean": 73400.0,
            "adaptivity_duration_std": 0.0,
            "adaptivity_efficiency_mean": 0.07358757347968707,
            "adaptivity_efficiency_std": 0.0,
            "phase_adaptivity": [
                0.07358757347968707
            ],
            "phase_self_configuration": [
                0.0
            ],
            "phase_durations": [
                73400
            ]
        },
        "log_Scenario4-Failing_phases.json": {
            "accumulated_adaptivity": 0.49897697504211547,
            "accumulated_self_configuration": 0.03547142857142858,
            "adaptivity_efficiency": 0.4818838659126703,
            "valid_phases": 4,
            "t_max": 10000,
            "u_acc": 0.8,
            "u_delta": 0.8,
            "u_min": 0.0,
            "adaptivity_score_mean": 0.761774028509072,
            "adaptivity_score_std": 0.3550064486695589,
            "adaptivity_duration_mean": 10090.0,
            "adaptivity_duration_std": 15353.550078076405,
            "adaptivity_efficiency_mean": 0.707034261048581,
            "adaptivity_efficiency_std": 0.3247496915621902,
            "phase_adaptivity": [
                0.9232407526707943,
                0.9851240007005551,
                0.9901504569120987,
                0.14858090375284003
            ],
            "phase_self_configuration": [
                0.1121,
                0.0721,
                0.0641,
                0.0
            ],
            "phase_durations": [
                1600,
                1120,
                960,
                36680
            ]
        },
        "Scenario4-TheoreticalRobust": {
            "accumulated_adaptivity": 1.0,
            "accumulated_self_configuration": 0.0,
            "adaptivity_efficiency": 1.0,
            "valid_phases": 0,
            "t_max": 10000,
            "u_acc": 0.8,
            "u_delta": 0.8,
            "u_min": 0.0,
            "adaptivity_score_mean": 1.0,
            "adaptivity_score_std": 0.0,
            "adaptivity_duration_mean": 0.0,
            "adaptivity_duration_std": 0.0,
            "adaptivity_efficiency_mean": 1.0,
            "adaptivity_efficiency_std": 0.0,
            "phase_adaptivity": [],
            "phase_self_configuration": [],
            "phase_durations": []
        }
    },
    "self_optimization": {
        "log_Scenario4-OptimisingLearner_phases.json": {
            "accumulated_self_optimization": 0.9488753480038293,
            "accumulated_self_configuration": 0.1287990985189955,
            "self_optimization_efficiency": 0.8406060469473892,
            "valid_phases": 18,
            "u_acc": 0.8,
            "u_target": 0.9,
            "self_optimization_score_mean": 0.8523358394794943,
            "self_optimization_score_std": 0.22318596493160814,
            "self_optimization_duration_mean": 3451.1111111111113,