{
    "adaptivity": {
        "log_Scenario4-OptimisingLearner_phases.json": {
            "accumulated_adaptivity": 0.9031500882735385,
            "accumulated_self_configuration": 0.14522857142857143,
            "adaptivity_efficiency": 0.7886199408620573,
            "valid_phases": 7,
            "t_max": 10000,
            "u_acc": 0.8,
            "u_delta": 0.4,
            "u_min": 0.4,
            "adaptivity_score_mean": 0.9031500882735385,
            "adaptivity_score_std": 0.09938774888668907,
            "adaptivity_duration_mean": 1840.0,
            "adaptivity_duration_std": 2051.6752736657495,
            "adaptivity_efficiency_mean": 0.8172629771169299,
            "adaptivity_efficiency_std": 0.17066302731681793,
            "phase_adaptivity": [
                0.8605150648756498,
                0.9702480014011099,
                0.9803009138241974,
                0.9017211859099912,
                0.6808939975556897,
                0.9675648762420163,
                0.9608065781061148
            ],
            "phase_self_configuration": [
                0.1121,
                0.0721,
                0.0641,
                0.0641,
                0.6241,
                0.048,
                0.0321
            ],
            "phase_durations": [
                1600,
                1120,
                960,
                1200,
                6800,
                480,
                720
            ]
        },
        "log_Scenario4-AdaptiveLearner_phases.json": {
            "accumulated_adaptivity": 0.890285066254324,
            "accumulated_self_configuration": 0.12810000000000002,
            "adaptivity_efficiency": 0.7891898468702455,
            "valid_phases": 7,
            "t_max": 10000,
            "u_acc": 0.8,
            "u_delta": 0.4,
            "u_min": 0.4,
            "adaptivity_score_mean": 0.890285066254324,
            "adaptivity_score_std": 0.10282163356023521,
            "adaptivity_duration_mean": 1748.5714285714287,
            "adaptivity_duration_std": 2043.3825498173267,
            "adaptivity_efficiency_mean": 0.8207054008085136,
            "adaptivity_efficiency_std": 0.1815550652896154,
            "phase_adaptivity": [
                0.8532912770949523,
                0.9727558393841022,
                0.9763228071593553,
                0.9076471439999957,
                0.6571964236639156,
                0.9437043088088701,
                0.9210776636690764
            ],
            "phase_self_configuration": [
                0.1121,
                9.999999999999999e-05,
                9.999999999999999e-05,
                0.0641,
                0.6081,
                0.0321,
                0.0801
            ],
            "phase_durations": [
                1680,
                400,
                400,
                1200,
                6640,
                720,
                1200
            ]
        },
        "Scenario4_OptimisingLearner_noFiltering_phases.json": {
            "accumulated_adaptivity": 0.9246722908794188,
            "accumulated_self_configuration": 0.1094,
            "adaptivity_efficiency": 0.8334886342882809,
            "valid_phases": 9,
            "t_max": 10000,
            "u_acc": 0.8,
            "u_delta": 0.4,
            "u_min": 0.4,
            "adaptivity_score_mean": 0.9246722908794188,
            "adaptivity_score_std": 0.09624428762536934,
            "adaptivity_duration_mean": 1395.5555555555557,
            "adaptivity_duration_std": 1951.2680270993646,
            "adaptivity_efficiency_mean": 0.8607413339462585,
            "adaptivity_efficiency_std": 0.16823941341315743,
            "phase_adaptivity": [
                0.8605150648756498,
                0.9736967326896177,
                0.9965512687114925,
                0.9884648493768011,
                0.9918360644473962,
                0.9017211859099912,
                0.6808939975556897,
                0.9675648762420163,
                0.9608065781061148
            ],
            "phase_self_configuration": [
                0.1121,
                9.999999999999999e-05,
                0.056,
                9.999999999999999e-05,
                0.048,
                0.0641,
                0.6241,
                0.048,
                0.0321
            ],
            "phase_durations": [
                1600,
                400,
                560,
                320,
                480,
                1200,
                6800,
                480,
                720
            ]
        },
        "log_Scenario4-NonAdaptive_phases.json": {
            "accumulated_adaptivity": 0.02217514695937412,
            "accumulated_self_configuration": 0.0,
            "adaptivity_efficiency": 0.02217514695937412,
            "valid_phases": 1,
            "t_max": 10000,
            "u_acc": 0.8,
            "u_delta": 0.4,
            "u_min": 0.4,
            "adaptivity_score_mean": 0.02217514695937412,
            "adaptivity_score_std": 0.0,
            "adaptivity_duration_mean": 73400.0,
            "adaptivity_duration_std": 0.0,
            "adaptivity_efficiency_mean": 0.02217514695937412,
            "adaptivity_efficiency_std": 0.0,
            "phase_adaptivity": [
                0.02217514695937412
            ],
            "phase_self_configuration": [
                0.0
            ],
            "phase_durations": [
                73400
            ]
        },
        "log_Scenario4-Failing_phases.json": {
            "accumulated_adaptivity": 0.42853017287481104,
            "accumulated_self_configuration": 0.03547142857142858,
            "adaptivity_efficiency": 0.413850311124495,
            "valid_phases": 4,
            "t_max": 10000,
            "u_acc": 0.8,
            "u_delta": 0.4,
            "u_min": 0.4,
            "adaptivity_score_mean": 0.7145564469016593,
            "adaptivity_score_std": 0.3881745147474445,
            "adaptivity_duration_mean": 10090.0,
            "adaptivity_duration_std": 15353.550078076405,
            "adaptivity_efficiency_mean": 0.6617958093631515,
            "adaptivity_efficiency_std": 0.3594361222272727,
            "phase_adaptivity": [
                0.8605150648756498,
                0.9702480014011099,
                0.9803009138241974,
                0.04716180750568001
            ],
            "phase_self_configuration": [
                0.1121,
                0.0721,
                0.0641,
                0.0
            ],
            "phase_durations": [
                1600,
                1120,
                960,
                36680
            ]
        },
        "Scenario4-TheoreticalRobust": {
            "accumulated_adaptivity": 1.0,
            "accumulated_self_configuration": 0.0,
            "adaptivity_efficiency": 1.0,
            "valid_phases": 0,
            "t_max": 10000,
            "u_acc": 0.8,
            "u_delta": 0.4,
            "u_min": 0.4,
            "adaptivity_score_mean": 1.0,
            "adaptivity_score_std": 0.0,
            "adaptivity_duration_mean": 0.0,
            "adaptivity_duration_std": 0.0,
            "adaptivity_efficiency_mean": 1.0,
            "adaptivity_efficiency_std": 0.0,
            "phase_adaptivity": [],
            "phase_self_configuration": [],
            "phase_durations": []
        }
    },
    "self_optimization": {
        "log_Scenario4-OptimisingLearner_phases.json": {
            "accumulated_self_optimization": 0.9488753480038293,
            "accumulated_self_configuration": 0.1287990985189955,
            "self_optimization_efficiency": 0.8406060469473892,
            "valid_phases": 18,
            "u_acc": 0.8,
            "u_target": 0.9,
            "self_optimization_score_mean": 0.8523358394794943,
            "self_optimization_score_std": 0.22318596493160814,
            "self_optimization_duration_mean": 3451.1111111111113,