{
    "adaptivity": {
        "log_Scenario4-OptimisingLearner_phases.json": {
            "accumulated_adaptivity": 0.8585259931366035,
            "accumulated_self_configuration": 0.14522857142857143,
            "adaptivity_efficiency": 0.7496547104703022,
            "valid_phases": 7,
            "t_max": 10000,
            "u_acc": 0.8,
            "u_delta": 0.20000000000000007,
            "u_min": 0.6,
            "adaptivity_score_mean": 0.8585259931366035,
            "adaptivity_score_std": 0.17147858080682413,
            "adaptivity_duration_mean": 1840.0,
            "adaptivity_duration_std": 2051.6752736657495,
            "adaptivity_efficiency_mean": 0.7859942174856446,
            "adaptivity_efficiency_std": 0.21425295275599943,
            "phase_adaptivity": [
                0.8426818646637647,
                0.9559283934324416,
                0.9606018276483947,
                0.8873492280970218,
                0.45150922093258405,
                0.9671297524840325,
                0.944481664697985
            ],
            "phase_self_configuration": [
                0.1121,
                0.0721,
                0.0641,
                0.0641,
                0.6241,
                0.048,
                0.0321
            ],
            "phase_durations": [
                1600,
                1120,
                960,
                1200,
                6800,
                480,
                720
            ]
        },
        "log_Scenario4-AdaptiveLearner_phases.json": {
            "accumulated_adaptivity": 0.8521940402415715,
            "accumulated_self_configuration": 0.12810000000000002,
            "adaptivity_efficiency": 0.7554242001964112,
            "valid_phases": 7,
            "t_max": 10000,
            "u_acc": 0.8,
            "u_delta": 0.20000000000000007,
            "u_min": 0.6,
            "adaptivity_score_mean": 0.8521940402415715,
            "adaptivity_score_std": 0.16072403457426485,
            "adaptivity_duration_mean": 1748.5714285714287,
            "adaptivity_duration_std": 2043.3825498173267,
            "adaptivity_efficiency_mean": 0.7932361516940638,
            "adaptivity_efficiency_std": 0.2158590786473802,
            "phase_adaptivity": [
                0.8344714122844598,
                0.9625151509542448,
                0.96,
                0.8931253957996903,
                0.4720729921188027,
                0.9430399068540922,
                0.9001334236797113
            ],
            "phase_self_configuration": [
                0.1121,
                9.999999999999999e-05,
                9.999999999999999e-05,
                0.0641,
                0.6081,
                0.0321,
                0.0801
            ],
            "phase_durations": [
                1680,
                400,
                400,
                1200,
                6640,
                720,
                1200
            ]
        },
        "Scenario4_OptimisingLearner_noFiltering_phases.json": {
            "accumulated_adaptivity": 0.8899646613284694,
            "accumulated_self_configuration": 0.1094,
            "adaptivity_efficiency": 0.8022035887222548,
            "valid_phases": 9,
            "t_max": 10000,
            "u_acc": 0.8,
            "u_delta": 0.20000000000000007,
            "u_min": 0.6,
            "adaptivity_score_mean": 0.8899646613284694,
            "adaptivity_score_std": 0.1618306432667904,
            "adaptivity_duration_mean": 1395.5555555555557,
            "adaptivity_duration_std": 1951.2680270993646,
            "adaptivity_efficiency_mean": 0.8362444531620095,
            "adaptivity_efficiency_std": 0.2077969126003121,
            "phase_adaptivity": [
                0.8426818646637647,
                0.9628258560094568,
                0.9931025374229848,
                0.9769296987536022,
                0.9836721288947925,
                0.8873492280970218,
                0.45150922093258405,
                0.9671297524840325,
                0.944481664697985
            ],
            "phase_self_configuration": [
                0.1121,
                9.999999999999999e-05,
                0.056,
                9.999999999999999e-05,
                0.048,
                0.0641,
                0.6241,
                0.048,
                0.0321
            ],
            "phase_durations": [
                1600,
                400,
                560,
                320,
                480,
                1200,
                6800,
                480,
                720
            ]
        },
        "log_Scenario4-NonAdaptive_phases.json": {
            "accumulated_adaptivity": 0.0103125,
            "accumulated_self_configuration": 0.0,
            "adaptivity_efficiency": 0.0103125,
            "valid_phases": 1,
            "t_max": 10000,
            "u_acc": 0.8,
            "u_delta": 0.20000000000000007,
            "u_min": 0.6,
            "adaptivity_score_mean": 0.0103125,
            "adaptivity_score_std": 0.0,
            "adaptivity_duration_mean": 73400.0,
            "adaptivity_duration_std": 0.0,
            "adaptivity_efficiency_mean": 0.0103125,
            "adaptivity_efficiency_std": 0.0,
            "phase_adaptivity": [
                0.0103125
            ],
            "phase_self_configuration": [
                0.0
            ],
            "phase_durations": [
                73400
            ]
        },
        "log_Scenario4-Failing_phases.json": {
            "accumulated_adaptivity": 0.40629277039555095,
            "accumulated_self_configuration": 0.03547142857142858,
            "adaptivity_efficiency": 0.3923746799620403,
            "valid_phases": 4,
            "t_max": 10000,
            "u_acc": 0.8,
            "u_delta": 0.20000000000000007,
            "u_min": 0.6,
            "adaptivity_score_mean": 0.6951053531251662,
            "adaptivity_score_std": 0.39192847480546816,
            "adaptivity_duration_mean": 10090.0,
            "adaptivity_duration_std": 15353.550078076405,
            "adaptivity_efficiency_mean": 0.6433315280137389,
            "adaptivity_efficiency_std": 0.36368726213726865,
            "phase_adaptivity": [
                0.8426818646637647,
                0.9559283934324416,
                0.9606018276483947,
                0.021209326756063854
            ],
            "phase_self_configuration": [
                0.1121,
                0.0721,
                0.0641,
                0.0
            ],
            "phase_durations": [
                1600,
                1120,
                960,
                36680
            ]
        },
        "Scenario4-TheoreticalRobust": {
            "accumulated_adaptivity": 1.0,
            "accumulated_self_configuration": 0.0,
            "adaptivity_efficiency": 1.0,
            "valid_phases": 0,
            "t_max": 10000,
            "u_acc": 0.8,
            "u_delta": 0.20000000000000007,
            "u_min": 0.6,
            "adaptivity_score_mean": 1.0,
            "adaptivity_score_std": 0.0,
            "adaptivity_duration_mean": 0.0,
            "adaptivity_duration_std": 0.0,
            "adaptivity_efficiency_mean": 1.0,
            "adaptivity_efficiency_std": 0.0,
            "phase_adaptivity": [],
            "phase_self_configuration": [],
            "phase_durations": []
        }
    },
    "self_optimization": {
        "log_Scenario4-OptimisingLearner_phases.json": {
            "accumulated_self_optimization": 0.9488753480038293,
            "accumulated_self_configuration": 0.1287990985189955,
            "self_optimization_efficiency": 0.8406060469473892,
            "valid_phases": 18,
            "u_acc": 0.8,
            "u_target": 0.9,
            "self_optimization_score_mean": 0.8523358394794943,
            "self_optimization_score_std": 0.22318596493160814,