{
    "adaptivity": {
        "log_Scenario4-OptimisingLearner_phases.json": {
            "accumulated_adaptivity": 0.3466340678898822,
            "accumulated_self_configuration": 0.2234419642857143,
            "adaptivity_efficiency": 0.28332693990291447,
            "valid_phases": 7,
            "t_max": 1000,
            "u_acc": 0.8,
            "u_delta": 0.8,
            "u_min": 0.0,
            "adaptivity_score_mean": 0.5354508034438438,
            "adaptivity_score_std": 0.2779370906937965,
            "adaptivity_duration_mean": 1840.0,
            "adaptivity_duration_std": 2051.6752736657495,
            "adaptivity_efficiency_mean": 0.3916283230180032,
            "adaptivity_efficiency_std": 0.17253601741294686,
            "phase_adaptivity": [
                0.3081018816769857,
                0.4628100017513875,
                0.9015045691209866,
                0.3653057434646581,
                0.11029530587302958,
                0.7961052316892853,
                0.804032890530574
            ],
            "phase_self_configuration": [
                0.28025,
                0.18025,
                0.641,
                0.16025,
                0.12736734693877552,
                0.48,
                0.321
            ],
            "phase_durations": [
                1600,
                1120,
                960,
                1200,
                6800,
                480,
                720
            ]
        },
        "log_Scenario4-AdaptiveLearner_phases.json": {
            "accumulated_adaptivity": 0.3327043915450058,
            "accumulated_self_configuration": 0.15457589285714288,
            "adaptivity_efficiency": 0.2881615609708315,
            "valid_phases": 7,
            "t_max": 1000,
            "u_acc": 0.8,
            "u_delta": 0.8,
            "u_min": 0.0,
            "adaptivity_score_mean": 0.5164552815303314,
            "adaptivity_score_std": 0.27761440406302945,
            "adaptivity_duration_mean": 1748.5714285714287,
            "adaptivity_duration_std": 2043.3825498173267,
            "adaptivity_efficiency_mean": 0.4641544300618622,
            "adaptivity_efficiency_std": 0.2843289559007014,
            "phase_adaptivity": [
                0.29909170317191053,
                0.8637791969205105,
                0.8816140357967766,
                0.364128325870901,
                0.10783973322116945,
                0.7009091100931062,
                0.3978248656379451
            ],
            "phase_self_configuration": [
                0.28025,
                0.0009999999999999998,
                0.0009999999999999998,
                0.16025,
                0.12410204081632652,
                0.321,
                0.20025
            ],
            "phase_durations": [
                1680,
                400,
                400,
                1200,
                6640,
                720,
                1200
            ]
        },
        "Scenario4_OptimisingLearner_noFiltering_phases.json": {
            "accumulated_adaptivity": 0.43951559351417,
            "accumulated_self_configuration": 0.2126806722689076,
            "adaptivity_efficiency": 0.36243308198508917,
            "valid_phases": 9,
            "t_max": 1000,
            "u_acc": 0.8,
            "u_delta": 0.8,
            "u_min": 0.0,
            "adaptivity_score_mean": 0.6818428477067855,
            "adaptivity_score_std": 0.3099608039319909,
            "adaptivity_duration_mean": 1395.5555555555557,
            "adaptivity_duration_std": 1951.2680270993646,
            "adaptivity_efficiency_mean": 0.5429969201786686,
            "adaptivity_efficiency_std": 0.2642947342955962,
            "phase_adaptivity": [
                0.3081018816769857,
                0.8684836634480879,
                0.9827563435574621,
                0.9423242468840054,
                0.9591803222369812,
                0.3653057434646581,
                0.11029530587302958,
                0.7961052316892853,
                0.804032890530574
            ],
            "phase_self_configuration": [
                0.28025,
                0.0009999999999999998,
                0.56,
                0.0009999999999999998,
                0.48,
                0.16025,
                0.12736734693877552,
                0.48,
                0.321
            ],
            "phase_durations": [
                1600,
                400,
                560,
                320,
                480,
                1200,
                6800,
                480,
                720
            ]
        },
        "log_Scenario4-NonAdaptive_phases.json": {
            "accumulated_adaptivity": 0.0075047565790722645,
            "accumulated_self_configuration": 0.0,
            "adaptivity_efficiency": 0.0075047565790722645,
            "valid_phases": 1,
            "t_max": 1000,
            "u_acc": 0.8,
            "u_delta": 0.8,
            "u_min": 0.0,
            "adaptivity_score_mean": 0.0075047565790722645,
            "adaptivity_score_std": 0.0,
            "adaptivity_duration_mean": 73400.0,
            "adaptivity_duration_std": 0.0,
            "adaptivity_efficiency_mean": 0.0075047565790722645,
            "adaptivity_efficiency_std": 0.0,
            "phase_adaptivity": [
                0.0075047565790722645
            ],
            "phase_self_configuration": [
                0.0
            ],
            "phase_durations": [
                73400
            ]
        },
        "log_Scenario4-Failing_phases.json": {
            "accumulated_adaptivity": 0.07154188740774164,
            "accumulated_self_configuration": 0.03719047619047619,
            "adaptivity_efficiency": 0.06897661427678134,
            "valid_phases": 4,
            "t_max": 1000,
            "u_acc": 0.8,
            "u_delta": 0.8,
            "u_min": 0.0,
            "adaptivity_score_mean": 0.42189756540184953,
            "adaptivity_score_std": 0.3201836883233328,
            "adaptivity_duration_mean": 10090.0,
            "adaptivity_duration_std": 15353.550078076405,
            "adaptivity_efficiency_mean": 0.2993307797610545,
            "adaptivity_efficiency_std": 0.19705029418180647,
            "phase_adaptivity": [
                0.3081018816769857,
                0.4628100017513875,
                0.9015045691209866,
                0.015173809058038277
            ],
            "phase_self_configuration": [
                0.28025,
                0.18025,
                0.641,
                0.0
            ],
            "phase_durations": [
                1600,
                1120,
                960,
                36680
            ]
        },
        "Scenario4-TheoreticalRobust": {
            "accumulated_adaptivity": 1.0,
            "accumulated_self_configuration": 0.0,
            "adaptivity_efficiency": 1.0,
            "valid_phases": 0,
            "t_max": 1000,
            "u_acc": 0.8,
            "u_delta": 0.8,
            "u_min": 0.0,
            "adaptivity_score_mean": 1.0,
            "adaptivity_score_std": 0.0,
            "adaptivity_duration_mean": 0.0,
            "adaptivity_duration_std": 0.0,
            "adaptivity_efficiency_mean": 1.0,
            "adaptivity_efficiency_std": 0.0,
            "phase_adaptivity": [],
            "phase_self_configuration": [],
            "phase_durations": []
        }
    },
    "self_optimization": {
        "log_Scenario4-OptimisingLearner_phases.json": {
            "accumulated_self_optimization": 0.9488753480038293,
            "accumulated_self_configuration": 0.1287990985189955,
            "self_optimization_efficiency": 0.8406060469473892,
            "valid_phases": 18,
            "u_acc": 0.8,
            "u_target": 0.9,
            "self_optimization_score_mean": 0.8523358394794943,
            "self_optimization_score_std": 0.22318596493160814,