{
    "adaptivity": {
        "log_Scenario4-OptimisingLearner_phases.json": {
            "accumulated_adaptivity": 0.5823815347928791,
            "accumulated_self_configuration": 0.2742625,
            "adaptivity_efficiency": 0.4570341941263116,
            "valid_phases": 7,
            "t_max": 2000,
            "u_acc": 0.8,
            "u_delta": 0.8,
            "u_min": 0.0,
            "adaptivity_score_mean": 0.7461994695106517,
            "adaptivity_score_std": 0.24976990694707196,
            "adaptivity_duration_mean": 1840.0,
            "adaptivity_duration_std": 2051.6752736657495,
            "adaptivity_efficiency_mean": 0.5739263800863232,
            "adaptivity_efficiency_std": 0.2050396401689603,
            "phase_adaptivity": [
                0.6162037633539714,
                0.925620003502775,
                0.9507522845604933,
                0.7306114869293162,
                0.20013968711807653,
                0.8980526158446426,
                0.902016445265287
            ],
            "phase_self_configuration": [
                0.5605,
                0.3605,
                0.3205,
                0.3205,
                0.19503125,
                0.24,
                0.1605
            ],
            "phase_durations": [
                1600,
                1120,
                960,
                1200,
                6800,
                480,
                720
            ]
        },
        "log_Scenario4-AdaptiveLearner_phases.json": {
            "accumulated_adaptivity": 0.5630759326746373,
            "accumulated_self_configuration": 0.2203125,
            "adaptivity_efficiency": 0.4614194582737105,
            "valid_phases": 7,
            "t_max": 2000,
            "u_acc": 0.8,
            "u_delta": 0.8,
            "u_min": 0.0,
            "adaptivity_score_mean": 0.7202315074659466,
            "adaptivity_score_std": 0.24067750375150793,
            "adaptivity_duration_mean": 1748.5714285714287,
            "adaptivity_duration_std": 2043.3825498173267,
            "adaptivity_efficiency_mean": 0.6103661329750604,
            "adaptivity_efficiency_std": 0.26242993539852016,
            "phase_adaptivity": [
                0.5981834063438211,
                0.9318895984602552,
                0.9408070178983883,
                0.728256651741802,
                0.1963795914949157,
                0.8504545550465531,
                0.7956497312758902
            ],
            "phase_self_configuration": [
                0.5605,
                0.0004999999999999999,
                0.0004999999999999999,
                0.3205,
                0.19003125,
                0.1605,
                0.4005
            ],
            "phase_durations": [
                1680,
                400,
                400,
                1200,
                6640,
                720,
                1200
            ]
        },
        "Scenario4_OptimisingLearner_noFiltering_phases.json": {
            "accumulated_adaptivity": 0.6519846123273992,
            "accumulated_self_configuration": 0.21521875,
            "adaptivity_efficiency": 0.5365162546474856,
            "valid_phases": 9,
            "t_max": 2000,
            "u_acc": 0.8,
            "u_delta": 0.8,
            "u_min": 0.0,
            "adaptivity_score_mean": 0.8025995873971736,
            "adaptivity_score_std": 0.2437176507761849,
            "adaptivity_duration_mean": 1395.5555555555557,
            "adaptivity_duration_std": 1951.2680270993646,
            "adaptivity_efficiency_mean": 0.6762328534224082,
            "adaptivity_efficiency_std": 0.24523199720510397,
            "phase_adaptivity": [
                0.6162037633539714,
                0.934241831724044,
                0.991378171778731,
                0.9711621234420028,
                0.9795901611184905,
                0.7306114869293162,
                0.20013968711807653,
                0.8980526158446426,
                0.902016445265287
            ],
            "phase_self_configuration": [
                0.5605,
                0.0004999999999999999,
                0.28,
                0.0004999999999999999,
                0.24,
                0.3205,
                0.19503125,
                0.24,
                0.1605
            ],
            "phase_durations": [
                1600,
                400,
                560,
                320,
                480,
                1200,
                6800,
                480,
                720
            ]
        },
        "log_Scenario4-NonAdaptive_phases.json": {
            "accumulated_adaptivity": 0.015009513158144529,
            "accumulated_self_configuration": 0.0,
            "adaptivity_efficiency": 0.015009513158144529,
            "valid_phases": 1,
            "t_max": 2000,
            "u_acc": 0.8,
            "u_delta": 0.8,
            "u_min": 0.0,
            "adaptivity_score_mean": 0.015009513158144529,
            "adaptivity_score_std": 0.0,
            "adaptivity_duration_mean": 73400.0,
            "adaptivity_duration_std": 0.0,
            "adaptivity_efficiency_mean": 0.015009513158144529,
            "adaptivity_efficiency_std": 0.0,
            "phase_adaptivity": [
                0.015009513158144529
            ],
            "phase_self_configuration": [
                0.0
            ],
            "phase_durations": [
                73400
            ]
        },
        "log_Scenario4-Failing_phases.json": {
            "accumulated_adaptivity": 0.13934310353386306,
            "accumulated_self_configuration": 0.05643181818181819,
            "adaptivity_efficiency": 0.13189976024546554,
            "valid_phases": 4,
            "t_max": 2000,
            "u_acc": 0.8,
            "u_delta": 0.8,
            "u_min": 0.0,
            "adaptivity_score_mean": 0.6306831210954645,
            "adaptivity_score_std": 0.37090227451559116,
            "adaptivity_duration_mean": 10090.0,
            "adaptivity_duration_std": 15353.550078076405,
            "adaptivity_efficiency_mean": 0.4563448134557366,
            "adaptivity_efficiency_std": 0.2761817924633655,
            "phase_adaptivity": [
                0.6162037633539714,
                0.925620003502775,
                0.9507522845604933,
                0.03015643296461829
            ],
            "phase_self_configuration": [
                0.5605,
                0.3605,
                0.3205,
                0.0
            ],
            "phase_durations": [
                1600,
                1120,
                960,
                36680
            ]
        },
        "Scenario4-TheoreticalRobust": {
            "accumulated_adaptivity": 1.0,
            "accumulated_self_configuration": 0.0,
            "adaptivity_efficiency": 1.0,
            "valid_phases": 0,
            "t_max": 2000,
            "u_acc": 0.8,
            "u_delta": 0.8,
            "u_min": 0.0,
            "adaptivity_score_mean": 1.0,
            "adaptivity_score_std": 0.0,
            "adaptivity_duration_mean": 0.0,
            "adaptivity_duration_std": 0.0,
            "adaptivity_efficiency_mean": 1.0,
            "adaptivity_efficiency_std": 0.0,
            "phase_adaptivity": [],
            "phase_self_configuration": [],
            "phase_durations": []
        }
    },
    "self_optimization": {
        "log_Scenario4-OptimisingLearner_phases.json": {
            "accumulated_self_optimization": 0.9488753480038293,
            "accumulated_self_configuration": 0.1287990985189955,
            "self_optimization_efficiency": 0.8406060469473892,
            "valid_phases": 18,
            "u_acc": 0.8,
            "u_target": 0.9,
            "self_optimization_score_mean": 0.8523358394794943,
            "self_optimization_score_std": 0.22318596493160814,
            "self_optimization_duration_mean": 3451.1111111111113,