{
    "adaptivity": {
        "log_Scenario4-OptimisingLearner_phases.json": {
            "accumulated_adaptivity": 0.5446045342515615,
            "accumulated_self_configuration": 0.2742625,
            "adaptivity_efficiency": 0.4273880258200814,
            "valid_phases": 7,
            "t_max": 2000,
            "u_acc": 0.8,
            "u_delta": 0.6000000000000001,
            "u_min": 0.2,
            "adaptivity_score_mean": 0.6993552277204728,
            "adaptivity_score_std": 0.25688029883166036,
            "adaptivity_duration_mean": 1840.0,
            "adaptivity_duration_std": 2051.6752736657495,
            "adaptivity_efficiency_mean": 0.5396023896603195,
            "adaptivity_efficiency_std": 0.2112698936405461,
            "phase_adaptivity": [
                0.4970626718703242,
                0.9008266713370333,
                0.9343363794139911,
                0.645737286366637,
                0.183519582824102,
                0.8646487418775058,
                0.869355260353716
            ],
            "phase_self_configuration": [
                0.5605,
                0.3605,
                0.3205,
                0.3205,
                0.19503125,
                0.24,
                0.1605
            ],
            "phase_durations": [
                1600,
                1120,
                960,
                1200,
                6800,
                480,
                720
            ]
        },
        "log_Scenario4-AdaptiveLearner_phases.json": {
            "accumulated_adaptivity": 0.5194272661167989,
            "accumulated_self_configuration": 0.2203125,
            "adaptivity_efficiency": 0.4256510247307955,
            "valid_phases": 7,
            "t_max": 2000,
            "u_acc": 0.8,
            "u_delta": 0.6000000000000001,
            "u_min": 0.2,
            "adaptivity_score_mean": 0.6655363278840467,
            "adaptivity_score_std": 0.24529898448763646,
            "adaptivity_duration_mean": 1748.5714285714287,
            "adaptivity_duration_std": 2043.3825498173267,
            "adaptivity_efficiency_mean": 0.5690213614162493,
            "adaptivity_efficiency_std": 0.26948052652821236,
            "phase_adaptivity": [
                0.47328261567552193,
                0.9091861312803403,
                0.9210760238645177,
                0.6485643539448019,
                0.17850612199322088,
                0.800606073395404,
                0.7275329750345203
            ],
            "phase_self_configuration": [
                0.5605,
                0.0004999999999999999,
                0.0004999999999999999,
                0.3205,
                0.19003125,
                0.1605,
                0.4005
            ],
            "phase_durations": [
                1680,
                400,
                400,
                1200,
                6640,
                720,
                1200
            ]
        },
        "Scenario4_OptimisingLearner_noFiltering_phases.json": {
            "accumulated_adaptivity": 0.620503778542968,
            "accumulated_self_configuration": 0.21521875,
            "adaptivity_efficiency": 0.5106107674383464,
            "valid_phases": 9,
            "t_max": 2000,
            "u_acc": 0.8,
            "u_delta": 0.6000000000000001,
            "u_min": 0.2,
            "adaptivity_score_mean": 0.7661651771159232,
            "adaptivity_score_std": 0.2578557502139928,
            "adaptivity_duration_mean": 1395.5555555555557,
            "adaptivity_duration_std": 1951.2680270993646,
            "adaptivity_efficiency_mean": 0.6485816646295152,
            "adaptivity_efficiency_std": 0.2566144825879282,
            "phase_adaptivity": [
                0.4970626718703242,
                0.9123224422987253,
                0.9885042290383078,
                0.9615494979226702,
                0.9727868814913209,
                0.645737286366637,
                0.183519582824102,
                0.8646487418775058,
                0.869355260353716
            ],
            "phase_self_configuration": [
                0.5605,
                0.0004999999999999999,
                0.28,
                0.0004999999999999999,
                0.24,
                0.3205,
                0.19503125,
                0.24,
                0.1605
            ],
            "phase_durations": [
                1600,
                400,
                560,
                320,
                480,
                1200,
                6800,
                480,
                720
            ]
        },
        "log_Scenario4-NonAdaptive_phases.json": {
            "accumulated_adaptivity": 0.01100367520185036,
            "accumulated_self_configuration": 0.0,
            "adaptivity_efficiency": 0.01100367520185036,
            "valid_phases": 1,
            "t_max": 2000,
            "u_acc": 0.8,
            "u_delta": 0.6000000000000001,
            "u_min": 0.2,
            "adaptivity_score_mean": 0.01100367520185036,
            "adaptivity_score_std": 0.0,
            "adaptivity_duration_mean": 73400.0,
            "adaptivity_duration_std": 0.0,
            "adaptivity_efficiency_mean": 0.01100367520185036,
            "adaptivity_efficiency_std": 0.0,
            "phase_adaptivity": [
                0.01100367520185036
            ],
            "phase_self_configuration": [
                0.0
            ],
            "phase_durations": [
                73400
            ]
        },
        "log_Scenario4-Failing_phases.json": {
            "accumulated_adaptivity": 0.125584334442046,
            "accumulated_self_configuration": 0.05643181818181819,
            "adaptivity_efficiency": 0.11887594852849481,
            "valid_phases": 4,
            "t_max": 2000,
            "u_acc": 0.8,
            "u_delta": 0.6000000000000001,
            "u_min": 0.2,
            "adaptivity_score_mean": 0.5887226100645959,
            "adaptivity_score_std": 0.36935108788115006,
            "adaptivity_duration_mean": 10090.0,
            "adaptivity_duration_std": 15353.550078076405,
            "adaptivity_efficiency_mean": 0.4277210600546336,
            "adaptivity_efficiency_std": 0.278052250439116,
            "phase_adaptivity": [
                0.4970626718703242,
                0.9008266713370333,
                0.9343363794139911,
                0.022664717637034898
            ],
            "phase_self_configuration": [
                0.5605,
                0.3605,
                0.3205,
                0.0
            ],
            "phase_durations": [
                1600,
                1120,
                960,
                36680
            ]
        },
        "Scenario4-TheoreticalRobust": {
            "accumulated_adaptivity": 1.0,
            "accumulated_self_configuration": 0.0,
            "adaptivity_efficiency": 1.0,
            "valid_phases": 0,
            "t_max": 2000,
            "u_acc": 0.8,
            "u_delta": 0.6000000000000001,
            "u_min": 0.2,
            "adaptivity_score_mean": 1.0,
            "adaptivity_score_std": 0.0,
            "adaptivity_duration_mean": 0.0,
            "adaptivity_duration_std": 0.0,
            "adaptivity_efficiency_mean": 1.0,
            "adaptivity_efficiency_std": 0.0,
            "phase_adaptivity": [],
            "phase_self_configuration": [],
            "phase_durations": []
        }
    },
    "self_optimization": {
        "log_Scenario4-OptimisingLearner_phases.json": {
            "accumulated_self_optimization": 0.9488753480038293,
            "accumulated_self_configuration": 0.1287990985189955,
            "self_optimization_efficiency": 0.8406060469473892,
            "valid_phases": 18,
            "u_acc": 0.8,
            "u_target": 0.9,
            "self_optimization_score_mean": 0.8523358394794943,
            "self_optimization_score_std": 0.22318596493160814,